{
    "meta": {
        "name": "Mobile App Landing Page",
        "version": 1,
        "filePaths": [
            "data.json",
            "content/markdown/text-hielfbnehcmljoga.md",
            "content/markdown/content-z3kk5p8qpxy81.md",
            "content/html/fuzgghemtcvjwnh162g5nt.h",
            "assets/google-play-badge.png",
            "assets/ios-badge.svg",
            "assets/pwa-badge.png",
            "assets/screenshot.png",
            "assets/producthunt.png",
            "content/image/p3cfhhdpqkpynkzs525v.png",
            "content/image/5sa67v4lybsichlbglx4.png",
            "content/image/m555d2y1xn1fq6y7cfuq.png"
        ]
    },
    "configuration": {
        "pagePathStrategy": "absolute",
        "baseUrl": null
    },
    "data": {
        "APP": {
            "APP": {
                "APP_NAME": "OmniSec - Learn Modern Ethical Hacking",
                "TAGLINE": "Learn Latest Ethical Hacking techniques and Job Opportunities",
                "ICON": "content/image/p3cfhhdpqkpynkzs525v.png",
                "GOOGLE_PLAY_IMAGE": "assets/google-play-badge.png",
                "GOOGLE_PLAY_URL": "https://play.google.com/store",
                "GOOGLE_PLAY_TITLE": "Get on Google Play",
                "IOS_IMAGE": "assets/ios-badge.svg",
                "IOS_URL": null,
                "IOS_TITLE": "Get on Appstore",
                "WEB_APP_IMAGE": "assets/pwa-badge.png",
                "WEB_APP_URL": null,
                "WEB_APP_TITLE": "Go to website"
            },
            "SCREENSHOTS": {
                "SHOW": true,
                "TITLE": "Screenshots",
                "IMAGES": [
                    {
                        "IMAGE": "assets/screenshot.png"
                    },
                    {
                        "IMAGE": "assets/screenshot.png"
                    },
                    {
                        "IMAGE": "assets/screenshot.png"
                    },
                    {
                        "IMAGE": "assets/screenshot.png"
                    }
                ]
            },
            "DESCRIPTION": {
                "SHOW": true,
                "TITLE": "About",
                "TEXT": "content/markdown/text-hielfbnehcmljoga.md"
            },
            "FEATURED_IN": {
                "SHOW": false,
                "TITLE": "Featured in",
                "FEATURES": [
                    {
                        "IMAGE": "assets/producthunt.png",
                        "URL": "https://github.com/"
                    },
                    {
                        "IMAGE": "assets/producthunt.png",
                        "URL": "https://github.com/"
                    }
                ]
            }
        },
        "PAGES": {
            "PAGES": {
                "PAGES": [
                    {
                        "TITLE": "Privacy",
                        "FILE_NAME": null,
                        "CONTENT": "content/markdown/content-z3kk5p8qpxy81.md"
                    }
                ]
            }
        },
        "COMMON": {
            "META": {
                "LANGUAGE": "en",
                "DIRECTION": "auto",
                "TITLE": "OmniSec - Learn Modern Ethical Hacking",
                "DESCRIPTION": "Learn Latest Ethical Hacking techniques and Job Opportunities",
                "FAVICON": "content/image/5sa67v4lybsichlbglx4.png",
                "OG_IMAGE": "content/image/m555d2y1xn1fq6y7cfuq.png",
                "PRE_HTML": null
            },
            "FOOTER": {
                "COPYRIGHT": "Made with ❤️ in India 🇮🇳",
                "TEMPLATE_BY": false,
                "POWERED_BY": false,
                "POST_HTML": "content/html/fuzgghemtcvjwnh162g5nt.h",
                "LINKS": [
                    {
                        "TITLE": "Contact",
                        "URL": "https://forms.gle/WXHe2W8k9Hp87mE49",
                        "OPEN_IN_NEW_TAB": true
                    }
                ]
            }
        }
    }
}